species,gender,age,weight,breed,drug,outcome,date_in,react_term_code,react_term_name,admin_by,route,dosage_form,updated_first_exp,updated_last_exp
Dog,Female,7,5,Terrier - West Highland White,Spinosad,Recovered/Normal,20120627,335,Emesis,Animal Owner,Oral,"Tablet, chewable",2012-03-27,2012-06-27
Dog,Female,14,7,Schnauzer (unspecified,Spinosad,Recovered/Normal,20110928,335,Emesis,Animal Owner,Oral,"Tablet, chewable",2011-09-23,2011-09-23
Dog,Male,14,36,Doberman Pinscher,Ivermectin,Outcome Unknown,20150203,305,Digestive tract disorder NOS,Animal Owner,Oral,"Tablet, chewable",2015-02-01,2015-02-01
Dog,Female,5,39,German Boxer,Imidacloprid,Outcome Unknown,20160420,2082,Emesis,Other,Other,Solution,2016-04-20,2016-04-20
Dog,Male,9,5,Poodle - Miniature,Ivermectin,Outcome Unknown,20150319,305,Digestive tract disorder NOS,Animal Owner,Oral,"Tablet, chewable",2014-12-01,2015-03-01
Dog,Male,10,33,Retriever - Golden,Moxidectin,Outcome Unknown,20150612,130,Crying,Veterinarian,Subcutaneous,Suspension,2015-06-11,2015-06-11
Dog,Male,5,20,Crossbred Canine/dog,Ivermectin,Outcome Unknown,20150730,305,Digestive tract disorder NOS,Animal Owner,Oral,"Tablet, chewable",2010-01-01,2015-07-01
Dog,Female,2,22,Shepherd Dog - Australian,Nitenpyram,Ongoing,20150625,1039,Lack of efficacy - NOS,Animal Owner,Oral,Tablet,2015-06-18,2015-06-20
Dog,Female,2,27,Pit Bull,Melarsomine Dihydrochloride Injection,Outcome Unknown,20151015,334,Vomiting,Veterinarian,Intramuscular,Suspension,2015-10-13,2015-10-14
Dog,Female,9,1,Spitz - German Pomeranian,Spinosad,Outcome Unknown,20150603,1039,Lack of efficacy - NOS,Animal Owner,Oral,"Tablet, chewable",2015-05-14,2015-05-14
Dog,Female,9,6,Dalmatian,Spinosad,Recovered/Normal,20150731,334,Vomiting,Animal Owner,Oral,"Tablet, chewable",2015-06-30,2015-06-30
Dog,Female,8,28,German Boxer,Spinosad,Recovered/Normal,20151027,334,Vomiting,Animal Owner,Oral,"Tablet, chewable",2013-09-01,2015-10-27
Dog,Male,8,5,Dachshund - Miniature,Spinosad,Outcome Unknown,20151110,2649,Lack of efficacy (ectoparasite) - flea,Animal Owner,Oral,"Tablet, chewable",2013-11-01,2015-11-01
Dog,Female,1,4,Maltese,Fluralaner Chew Tablets,Outcome Unknown,20151007,2658,Lack of efficacy (ectoparasite) - tick NOS,Animal Owner,Oral,"Tablet, chewable",2015-08-19,2015-08-19
Dog,Female,3,6,Schnauzer - Miniature,Afoxolaner,Recovered/Normal,20151007,1492,Generalised itching,Animal Owner,Oral,"Tablet, chewable",2015-07-31,2015-08-31
Dog,Female,8,8,Chihuahua,Spinosad,Outcome Unknown,20160112,2798,Lack of efficacy (endoparasite) - hookworm,Animal Owner,Oral,"Tablet, chewable",2011-08-01,2016-01-01
Dog,Male,1,2,Poodle - Toy,Afoxolaner,Outcome Unknown,20160511,1756,Skin disorders NOS,Unknown,Oral,"Tablet, chewable",2016-05-01,2016-05-01
Dog,Female,2,4,Maltese,Spinosad,Outcome Unknown,20160517,2649,Lack of efficacy (ectoparasite) - flea,Animal Owner,Oral,"Tablet, chewable",2016-04-01,2016-05-03
Dog,Male,8,9,Terrier - Boston,Spinosad,Recovered/Normal,20160315,334,Vomiting,Animal Owner,Oral,"Tablet, chewable",2016-03-03,2016-03-03
Dog,Female,16,12,Retriever - Labrador,Spinosad,Outcome Unknown,20151201,99115,"INEFFECTIVE, HEARTWORM LARVAE",Animal Owner,Oral,"Tablet, chewable",2015-01-20,2015-07-20
Dog,Male,10,15,Sheepdog - Shetland,Melarsomine Dihydrochloride Injection,Died,20160418,1012,Pain NOS,Veterinarian,Intramuscular,Suspension,2016-02-10,2016-04-15
Dog,Male,5,19,Retriever - Labrador,Sarolaner,Outcome Unknown,20171205,334,Vomiting,Animal Owner,Oral,"Tablet, chewable",2017-11-01,2017-12-02
Dog,Female,6,4,Maltese,Spinosad,Ongoing,20170925,99951,UNPALATABLE,Animal Owner,Oral,"Tablet, chewable",2011-01-01,2017-06-01
Dog,Male,8,17,Pit Bull,Spinosad,Recovered/Normal,20161109,334,Vomiting,Animal Owner,Oral,"Tablet, chewable",2016-11-08,2016-11-08
Dog,Male,3,10,Terrier - Jack Russell,Spinosad,Recovered/Normal,20160418,334,Vomiting,Animal Owner,Oral,"Tablet, chewable",2016-04-16,2016-04-16
Dog,Male,4,32,Retriever - Labrador,Ivermectin,Outcome Unknown,20160804,305,Digestive tract disorder NOS,Unknown,Oral,"Tablet, chewable",2015-08-04,2016-07-01
Dog,Female,16,34,Retriever - Labrador,Ivermectin,Outcome Unknown,20160901,305,Digestive tract disorder NOS,Unknown,Oral,"Tablet, chewable",2016-02-01,2016-08-16
Dog,Male,7,43,Retriever - Labrador,Ivermectin,Outcome Unknown,20160610,305,Digestive tract disorder NOS,Unknown,Oral,"Tablet, chewable",2015-05-01,2016-05-15
Dog,Female,4,19,Crossbred Canine/dog,Spinosad,Outcome Unknown,20160906,99951,UNPALATABLE,Animal Owner,Oral,"Tablet, chewable",2016-07-02,2016-09-02
Dog,Male,3,36,Retriever - Labrador,Ivermectin,Outcome Unknown,20160802,305,Digestive tract disorder NOS,Unknown,Oral,"Tablet, chewable",2016-01-07,2016-07-15
Dog,Male,2,15,Hound,Ivermectin,Recovered with Sequela,20161102,99115,"INEFFECTIVE, HEARTWORM LARVAE",Unknown,Oral,"Tablet, chewable",2015-11-21,2016-10-01
Dog,Female,6,32,Retriever - Labrador,Ivermectin,Recovered/Normal,20160929,645,Seizure NOS,Unknown,Oral,"Tablet, chewable",2014-09-10,2016-08-13
Dog,Female,2,4,Maltese,Ivermectin,Ongoing,20170314,304,Loose stool,Unknown,Oral,Tablet,2017-03-13,2017-03-13
Dog,Female,7,2,Terrier - Yorkshire,Sarolaner,Outcome Unknown,20160929,2649,Lack of efficacy (ectoparasite) - flea,Animal Owner,Oral,"Tablet, chewable",2016-09-15,2016-09-15
Dog,Male,2,29,Shepherd Dog - German,Ivermectin,Outcome Unknown,20170614,202,Cardiac disorder NOS,Unknown,Oral,"Tablet, chewable",2016-03-07,2017-06-01
Dog,Female,10,3,Terrier,Milbemycin Oxime,Outcome Unknown,20170405,99112,"INEFFECTIVE, HOOKS",Animal Owner,Oral,"Tablet, chewable",2008-01-01,2017-01-01
Dog,Male,16,24,Mountain Cur,Spinosad,Outcome Unknown,20170116,99115,"INEFFECTIVE, HEARTWORM LARVAE",Animal Owner,Oral,"Tablet, chewable",2016-02-10,2016-10-01
Dog,Male,1,28,Retriever - Labrador,Moxidectin,Ongoing,20181002,1018,Lethargy (see also Central nervous system depression in 'Neurological'),Veterinarian,Subcutaneous,Suspension,2018-09-11,2018-09-11
Dog,Female,6,32,Hound,Afoxolaner,Outcome Unknown,20190114,2648,Lack of efficacy (bacteria) - NOS,Animal Owner,Oral,"Tablet, chewable",2018-03-12,2019-01-01
Dog,Female,11,11,Terrier - Boston,Ivermectin,Outcome Unknown,20190204,2656,Lack of efficacy (endoparasite) - roundworm NOS,Animal Owner,Oral,"Tablet, chewable",2012-06-22,2019-01-26
Dog,Male,2,42,Shepherd Dog - German,Spinosad,Outcome Unknown,20181001,2430,Lack of efficacy (heartworm),Animal Owner,Oral,"Tablet, chewable",2016-04-15,2018-09-01
Dog,Male,11,14,Dog,Pyrantel Pamoate,Recovered/Normal,20190304,334,Vomiting,Animal Owner,Oral,"Tablet, chewable",2019-03-03,2019-03-03
Dog,Male,10,15,Shepherd Dog - Australian,Afoxolaner,Recovered/Normal,20190517,334,Vomiting,Animal Owner,Oral,"Tablet, chewable",2019-05-13,2019-05-13
Dog,Female,14,18,Collie - Border,Spinosad,Outcome Unknown,20170907,334,Vomiting,Animal Owner,Oral,"Tablet, chewable",2012-04-09,2017-06-01
Dog,Male,3,6,Pug,Imidacloprid,Recovered/Normal,20180209,116,Behavioural disorder NOS,Animal Owner,Topical,Solution,2018-02-09,2018-02-09
Dog,Female,7,8,Dachshund,Ivermectin,Outcome Unknown,20171130,99112,"INEFFECTIVE, HOOKS",Unknown,Oral,"Tablet, chewable",2017-09-01,2017-11-26
Dog,Male,9,26,Beagle,Ivermectin,Outcome Unknown,20180430,2430,Lack of efficacy (endoparasite) - heartworm,Animal Owner,Oral,"Tablet, chewable",2016-11-07,2018-04-01
Dog,Male,5,4,Maltese,Oclacitinib Maleate,Outcome Unknown,20180626,2026,Urinary tract infection,Animal Owner,Oral,Tablet,2018-06-09,2018-06-23
Dog,Female,6,35,Weimaraner,Milbemycin Oxime,Outcome Unknown,20181017,99115,"INEFFECTIVE, HEARTWORM LARVAE",Animal Owner,Oral,Tablet,2015-03-02,2018-09-01
Dog,Male,14,8,Spitz - German Pomeranian,Selamectin,Outcome Unknown,20180802,884,Cough,Animal Owner,Topical,Solution,2013-01-01,2018-07-29
Dog,Male,4,9,Shepherd Dog - Australian,Ivermectin,Ongoing,20200629,99112,"INEFFECTIVE, HOOKS",Animal Owner,Oral,"Tablet, chewable",2020-06-21,2020-06-21
Dog,Female,6,9,Spaniel - Cocker American,Ivermectin,Outcome Unknown,20200514,99158,"INEFFECTIVE, WHIPS",Animal Owner,Oral,"Tablet, chewable",2020-04-01,2020-04-01
Dog,Female,10,20,Hound - Basset,Ivermectin,Outcome Unknown,20200814,2798,Lack of efficacy (endoparasite) - hookworm,Animal Owner,Oral,"Tablet, chewable",2020-08-01,2020-08-01
Dog,Female,6,22,Crossbred Canine/dog,Milbemycin Oxime,Outcome Unknown,20190607,99112,"INEFFECTIVE, HOOKS",Animal Owner,Oral,"Tablet, chewable",2019-03-01,2019-05-21
Dog,Male,2,25,Cattle Dog,Milbemycin Oxime,Outcome Unknown,20190829,2430,Lack of efficacy (endoparasite) - heartworm,Animal Owner,Oral,Tablet,2017-12-15,2019-07-15
Dog,Female,15,15,Crossbred Canine/dog,Ivermectin,Recovered with Sequela,20191008,2430,Lack of efficacy (endoparasite) - heartworm,Animal Owner,Oral,"Tablet, chewable",2018-10-16,2019-10-01
Dog,Male,10,67,"Deutsche Dogge, Great Dane",Grapiprant,Outcome Unknown,20200109,1039,Lack of efficacy - NOS,Animal Owner,Oral,Tablet,2018-01-09,2020-01-09
Dog,Male,4,6,Terrier,Moxidectin,Ongoing,20191111,2436,Lack of efficacy (endoparasite) - NOS,Unknown,Subcutaneous,Suspension,2019-05-06,2019-05-06
Dog,Female,3,18,Beagle,Spinosad,Outcome Unknown,20190715,99112,"INEFFECTIVE, HOOKS",Animal Owner,Oral,"Tablet, chewable",2018-07-16,2019-05-13
Dog,Female,4,30,Pit Bull,Spinosad,Outcome Unknown,20190411,2430,Lack of efficacy (endoparasite) - heartworm,Animal Owner,Oral,"Tablet, chewable",2015-09-14,2018-08-01
Dog,Female,6,33,Retriever - Labrador,Ivermectin,Recovered with Sequela,20200127,2430,Lack of efficacy (endoparasite) - heartworm,Animal Owner,Oral,"Tablet, chewable",2014-01-09,2020-01-18
Dog,Male,7,9,Schnauzer - Miniature,Milbemycin Oxime,Recovered/Normal,20200606,344,Gagging,Animal Owner,Oral,"Tablet, chewable",2019-11-01,2020-06-06
Dog,Male,3,44,Rottweiler,Ivermectin,Outcome Unknown,20210120,2430,Lack of efficacy (endoparasite) - heartworm,Animal Owner,Oral,"Tablet, chewable",2018-02-20,2020-12-01
Dog,Male,10,5,Terrier (unspecified,Spinosad,Ongoing,20200914,334,Vomiting,Animal Owner,Oral,"Tablet, chewable",2020-05-14,2020-09-14
Dog,Male,10,4,Terrier - Yorkshire,Moxidectin,Recovered/Normal,20201228,1525,Hives (see also 'Skin'),Other Health Care Professional,Subcutaneous,Suspension,2020-12-22,2020-12-22
Dog,Male,8,38,Shepherd Dog - Belgian Malinois,Milbemycin Oxime,Outcome Unknown,20210318,2430,Lack of efficacy (endoparasite) - heartworm,Animal Owner,Oral,"Tablet, chewable",2019-02-05,2020-01-01
Dog,Female,8,9,Terrier - Jack Russell,Spinosad,Recovered/Normal,20111020,335,Emesis,Animal Owner,Oral,"Tablet, chewable",2011-10-12,2011-10-12
Dog,Male,9,19,Beagle,Moxidectin,Ongoing,20210614,1018,Lethargy (see also Central nervous system depression in 'Neurological'),Unknown,Subcutaneous,Suspension,2021-06-12,2021-06-12
Dog,Female,7,22,Dog,Pyrantel Pamoate;Sarolaner,Outcome Unknown,20210629,2649,Lack of efficacy (ectoparasite) - flea,Animal Owner,Oral,"Tablet, chewable",2021-04-10,2021-06-10
Dog,Female,5,30,Dog,Afoxolaner,Outcome Unknown,20210316,2649,Lack of efficacy (ectoparasite) - flea,Animal Owner,Oral,"Tablet, chewable",2021-03-04,2021-03-04
Dog,Male,6,23,Collie (unspecified,Milbemycin Oxime,Recovered/Normal,20160105,334,Vomiting,Animal Owner,Oral,"Tablet, chewable",2016-01-01,2016-01-01
Dog,Female,12,5,Terrier - Rat,Spinosad,Outcome Unknown,20160523,99088,"INEFFECTIVE, ASCARIDS NOS",Animal Owner,Oral,"Tablet, chewable",2012-11-01,2016-05-01
Dog,Male,8,8,Beagle,Spinosad,Recovered/Normal,20160315,334,Vomiting,Animal Owner,Oral,"Tablet, chewable",2015-10-01,2016-03-15
Dog,Male,1,9,Spaniel - King Charles Cavalier,Spinosad,Recovered/Normal,20160519,2246,Star-gazing,Animal Owner,Oral,"Tablet, chewable",2016-05-18,2016-05-18
Dog,Female,10,26,Unknown,Melarsomine Dihydrochloride Injection,Outcome Unknown,20150407,855,Panting,Veterinarian,Intramuscular,Suspension,2015-04-06,2015-04-06
Dog,Male,1,10,Bulldog - French,Afoxolaner,Outcome Unknown,20150304,334,Vomiting,Animal Owner,Oral,"Tablet, chewable",2015-02-01,2015-03-01
Dog,Male,6,10,Spitz - German Pomeranian,Nitenpyram,Ongoing,20150519,1039,Lack of efficacy - NOS,Animal Owner,Oral,Tablet,2015-05-12,2015-05-13
Dog,Female,1,31,Shepherd Dog - German,Spinosad,Outcome Unknown,20150909,1039,Lack of efficacy - NOS,Animal Owner,Oral,"Tablet, chewable",2014-09-01,2015-09-01
Dog,Male,14,3,Terrier - Yorkshire,Ivermectin,Outcome Unknown,20150831,305,Digestive tract disorder NOS,Animal Owner,Oral,"Tablet, chewable",2006-08-01,2015-08-15
Dog,Female,4,5,Havanese,Spinosad,Outcome Unknown,20151124,334,Vomiting,Animal Owner,Oral,"Tablet, chewable",2015-11-23,2015-11-23
Dog,Male,13,3,Terrier - Yorkshire,Spinosad,Outcome Unknown,20151019,884,Cough,Animal Owner,Oral,"Tablet, chewable",2015-09-16,2015-09-16
Dog,Male,8,28,Retriever - Labrador,Spinosad,Recovered/Normal,20150812,335,Emesis,Animal Owner,Oral,"Tablet, chewable",2015-08-09,2015-08-11
Dog,Female,5,45,Shepherd Dog - German,Ivermectin,Outcome Unknown,20151102,305,Digestive tract disorder NOS,Animal Owner,Oral,"Tablet, chewable",2012-01-01,2015-10-28
Dog,Male,6,17,Sheepdog - Shetland,"Milbemcyin Oxime, Lufenuron, Praziquantel",Outcome Unknown,20151012,99088,"INEFFECTIVE, ASCARIDS NOS",Animal Owner,Oral,"Tablet, chewable",2015-09-30,2015-09-30
Dog,Female,13,11,Spaniel - Cocker American,Ivermectin,Ongoing,20170614,305,Digestive tract disorder NOS,Unknown,Oral,"Tablet, chewable",2014-06-24,2017-06-02
Dog,Male,8,32,German Boxer,Ivermectin,Outcome Unknown,20170627,2798,Lack of efficacy (endoparasite) - hookworm,Unknown,Oral,"Tablet, chewable",2016-07-09,2017-06-06
Dog,Female,6,29,Weimaraner,Ivermectin,Recovered with Sequela,20170822,99115,"INEFFECTIVE, HEARTWORM LARVAE",Unknown,Oral,"Tablet, chewable",2014-11-21,2017-08-01
Dog,Mixed,10,1,Dog,Fluralaner Chew Tablets,Outcome Unknown,20170807,1309,Alopecia,Other,Oral,"Tablet, chewable",2017-07-25,2017-07-25
Dog,Male,5,24,Shepherd,Sarolaner,Outcome Unknown,20170718,2649,Lack of efficacy (ectoparasite) - flea,Animal Owner,Oral,"Tablet, chewable",2017-06-09,2017-07-09
Dog,Female,10,31,German Boxer,Spinosad,Recovered with Sequela,20170919,202,Cardiac disorder NOS,Animal Owner,Oral,"Tablet, chewable",2015-01-01,2017-02-01
Dog,Female,4,2,Maltese,Spinosad,Recovered/Normal,20170926,335,Emesis,Animal Owner,Oral,"Tablet, chewable",2017-09-26,2017-09-26
Dog,Female,4,28,Greyhound,"Milbemcyin Oxime, Lufenuron, Praziquantel",Outcome Unknown,20160422,2798,Lack of efficacy (endoparasite) - hookworm,Animal Owner,Oral,"Tablet, chewable",2016-04-02,2016-04-02
Dog,Male,12,34,Pointing Dog - German Short-haired,"Milbemycin Oxime, Lufenuron",Recovered with Sequela,20160926,99115,"INEFFECTIVE, HEARTWORM LARVAE",Animal Owner,Oral,Tablet,2015-06-26,2016-08-26
Dog,Female,7,24,Greyhound,"Milbemycin Oxime, Lufenuron",Outcome Unknown,20160922,2798,Lack of efficacy (endoparasite) - hookworm,Animal Owner,Oral,Tablet,2016-09-01,2016-09-01
Dog,Female,7,44,Rottweiler,Polysulfated Glycosaminoglycan,Ongoing,20170214,1891,Pancreatitis,Animal Owner,Intramuscular,Solution,2012-01-01,2017-01-01
Dog,Unknown,5,14,Dog,Selamectin,Ongoing,20170222,2791,Lack of efficacy (ectoparasite) - ear mite,Animal Owner,Topical,Solution,2016-12-27,2017-02-21
Dog,Female,7,6,Dachshund - Miniature,Ivermectin,Outcome Unknown,20170314,1221,Other abnormal test result NOS,Unknown,Oral,"Tablet, chewable",2016-03-01,2017-03-01
Dog,Female,4,22,"Cattle Dog - Australian (blue heeler, red heeler, Queensland cattledog",Spinosad,Recovered/Normal,20170424,334,Vomiting,Animal Owner,Oral,"Tablet, chewable",2017-02-01,2017-02-01
Dog,Male,5,32,Poodle - Standard,Spinosad,Outcome Unknown,20170417,99115,"INEFFECTIVE, HEARTWORM LARVAE",Animal Owner,Oral,"Tablet, chewable",2015-10-28,2016-09-01
Dog,Female,10,40,Retriever - Labrador,Spinosad,Recovered/Normal,20181022,334,Vomiting,Animal Owner,Oral,"Tablet, chewable",2014-07-01,2018-10-20
Dog,Male,7,32,Retriever - Labrador,Ivermectin,Outcome Unknown,20190125,2430,Lack of efficacy (endoparasite) - heartworm,Animal Owner,Oral,"Tablet, chewable",2016-12-07,2018-12-01
Dog,Male,10,27,Retriever - Golden,Ivermectin,Outcome Unknown,20190117,99112,"INEFFECTIVE, HOOKS",Animal Owner,Oral,"Tablet, chewable",2016-01-01,2019-01-03
Dog,Male,6,30,Retriever - Labrador,Milbemycin Oxime,Recovered/Normal,20190304,702,Horner's syndrome,Animal Owner,Oral,Tablet,2019-03-01,2019-03-01
Dog,Male,11,8,Terrier - West Highland White,Milbemycin Oxime,Outcome Unknown,20171221,2656,Lack of efficacy (roundworm),Animal Owner,Oral,"Tablet, chewable",2016-01-02,2017-12-02
Dog,Female,1,5,Maltese,Spinosad,Recovered/Normal,20170920,334,Vomiting,Animal Owner,Oral,"Tablet, chewable",2017-05-01,2017-09-16
Dog,Female,2,18,Shepherd Dog - Australian,Ivermectin,Outcome Unknown,20180625,1900,Head tremor,Unknown,Oral,"Tablet, chewable",2018-06-20,2018-06-20
Dog,Female,6,4,Pug,Spinosad,Outcome Unknown,20180323,2649,Lack of efficacy (flea),Animal Owner,Oral,"Tablet, chewable",2018-03-20,2018-03-20
Dog,Male,3,9,Retriever - Labrador,Spinosad,Recovered/Normal,20180327,334,Vomiting,Animal Owner,Oral,"Tablet, chewable",2018-03-26,2018-03-26
Dog,Male,10,45,Retriever - Labrador,Oclacitinib Maleate,Ongoing,20180724,302,Diarrhoea,Animal Owner,Oral,Tablet,2017-10-01,2018-07-19
Dog,Male,5,7,Dachshund,Melarsomine Dihydrochloride,Outcome Unknown,20180803,884,Cough,Veterinarian,Intramuscular,Suspension,2018-06-20,2018-06-20
Dog,Female,3,24,Retriever - Labrador,Milbemycin Oxime,Recovered/Normal,20180821,335,Emesis,Animal Owner,Oral,"Tablet, chewable",2017-08-01,2018-08-21
Dog,Female,10,14,Dog,Milbemycin Oxime,Outcome Unknown,20190521,2430,Lack of efficacy (endoparasite) - heartworm,Animal Owner,Oral,Tablet,2017-08-12,2019-05-12
Dog,Male,15,46,Akita,Polysulfated Glycosaminoglycan,Outcome Unknown,20190715,302,Diarrhoea,Unknown,Parenteral,Solution,2019-06-06,2019-07-08
Dog,Female,6,5,Chihuahua,Ivermectin,Outcome Unknown,20200528,645,Seizure NOS,Animal Owner,Oral,"Tablet, chewable",2020-05-12,2020-05-12
Dog,Male,3,39,Shepherd Dog - German,Spinosad,Outcome Unknown,20200409,2430,Lack of efficacy (endoparasite) - heartworm,Unknown,Oral,"Tablet, chewable",2017-07-08,2017-07-08
Dog,Male,2,2,Terrier - Yorkshire,Afoxolaner,Outcome Unknown,20191218,2649,Lack of efficacy (ectoparasite) - flea,Animal Owner,Oral,"Tablet, chewable",2017-12-01,2019-12-01
Dog,Male,15,15,"Cattle Dog - Australian (blue heeler, red heeler, Queensland cattledog",Ivermectin,Recovered with Sequela,20190816,2430,Lack of efficacy (endoparasite) - heartworm,Animal Owner,Oral,"Tablet, chewable",2018-08-10,2019-08-01
Dog,Female,13,20,Shepherd,Grapiprant,Ongoing,20190419,2182,Azotaemia,Animal Owner,Oral,Tablet,2018-12-01,2019-04-19
Dog,Male,8,11,Spaniel (unspecified,Ivermectin,Outcome Unknown,20191004,99112,"INEFFECTIVE, HOOKS",Animal Owner,Oral,"Tablet, chewable",2019-08-20,2019-08-20
Dog,Male,6,38,Hound,Ivermectin,Outcome Unknown,20191202,2430,Lack of efficacy (endoparasite) - heartworm,Animal Owner,Oral,"Tablet, chewable",2018-09-04,2019-02-04
Dog,Male,3,9,Retriever - Labrador,Milbemycin Oxime,Ongoing,20191121,334,Vomiting,Animal Owner,Oral,"Tablet, chewable",2019-11-20,2019-11-20
Dog,Male,11,8,Mixed (Dog,Spinosad,Outcome Unknown,20190225,334,Vomiting,Animal Owner,Oral,"Tablet, chewable",2019-02-23,2019-02-23
Dog,Female,5,13,Crossbred Canine/dog,Spinosad,Outcome Unknown,20190513,2649,Lack of efficacy (flea),Animal Owner,Oral,"Tablet, chewable",2019-03-01,2019-04-01
Dog,Female,2,48,Mastiff,Milbemycin Oxime,Outcome Unknown,20200128,2430,Lack of efficacy (endoparasite) - heartworm,Animal Owner,Oral,"Tablet, chewable",2019-05-01,2019-09-01
Dog,Male,9,9,Terrier - West Highland White,Trilostane,Outcome Unknown,20200130,1018,Lethargy (see also Central nervous system depression in 'Neurological'),Animal Owner,Oral,Capsule,2020-01-22,2020-02-20
Dog,Female,12,3,Poodle - Miniature,Spinosad,Euthanized,20130419,126,Dullness,Animal Owner,Oral,"Tablet, chewable",2013-03-21,2013-03-21
Dog,Male,7,29,Retriever - Golden,Spinosad,Outcome Unknown,20130122,134,Pica NOS,Animal Owner,Oral,"Tablet, chewable",2012-08-20,2013-01-01
Dog,Female,9,39,Retriever - Labrador,Cyclosporine A,Recovered/Normal,20130514,469,Conjunctivitis,Animal Owner,Oral,Capsule,2013-04-30,2013-05-06
Dog,Female,12,7,Shepherd,Spinosad,Recovered/Normal,20130624,335,Emesis,Animal Owner,Oral,"Tablet, chewable",2013-05-28,2013-05-28
Dog,Male,8,7,Terrier,Ivermectin/Pyrantel Pamoate Chewable 68Mcg/163Mg,Outcome Unknown,20130617,855,Panting,Animal Owner,Oral,"Tablet, chewable",2013-06-15,2013-06-15
Dog,Female,9,13,Terrier (unspecified,Spinosad,Recovered/Normal,20120104,356,Otitis externa,Animal Owner,Oral,"Tablet, chewable",2011-06-13,2011-11-13
Dog,Female,1,3,Shih Tzu,Spinosad,Recovered/Normal,20110923,687,Trembling,Animal Owner,Oral,"Tablet, chewable",2011-09-23,2011-09-23
Dog,Female,4,8,Shih Tzu,Spinosad,Recovered with Sequela,20120220,959,Scratching,Animal Owner,Oral,"Tablet, chewable",2011-12-01,2012-01-01
Dog,Male,5,24,Shepherd Dog - German,Spinosad,Outcome Unknown,20111121,335,Emesis,Animal Owner,Oral,"Tablet, chewable",2011-06-01,2011-11-01
Dog,Male,1,5,Terrier,Spinosad,Outcome Unknown,20120521,1018,Lethargy (see also Central nervous system depression in 'Neurological'),Animal Owner,Oral,"Tablet, chewable",2012-04-15,2012-05-21
Dog,Female,2,3,Shih Tzu,Spinosad,Outcome Unknown,20120315,959,Scratching,Animal Owner,Oral,"Tablet, chewable",2010-08-01,2014-01-01
Dog,Female,12,7,Schnauzer (unspecified,Spinosad,Recovered with Sequela,20120425,116,Behavioural disorder NOS,Animal Owner,Oral,"Tablet, chewable",2012-04-15,2012-04-15
Dog,Male,5,6,Spitz - German Pomeranian,Spinosad,Recovered/Normal,20120910,335,Emesis,Animal Owner,Oral,"Tablet, chewable",2012-09-06,2012-09-06
Dog,Female,1,11,Terrier - Boston,Spinosad,Recovered/Normal,20120806,335,Emesis,Animal Owner,Oral,"Tablet, chewable",2012-05-01,2012-07-01
Dog,Female,11,2,Shih Tzu,Spinosad,Recovered with Sequela,20121019,409,Partial blindness,Animal Owner,Oral,"Tablet, chewable",2012-02-01,2012-10-01
Dog,Male,11,19,Shepherd Dog - German,Carprofen,Died,20121015,116,Behavioural disorder NOS,Animal Owner,Oral,Tablet,2012-09-19,2012-09-24
Dog,Male,8,6,Terrier - Jack Russell,Spinosad,Recovered/Normal,20120918,645,Seizure NOS,Animal Owner,Oral,"Tablet, chewable",2008-12-01,2012-09-01
Dog,Male,4,9,Spaniel - Cocker American,Pyrantel Pamoate/Praziquantel,Recovered/Normal,20140926,334,Vomiting,Animal Owner,Oral,Tablet,2014-09-25,2014-09-26
Dog,Male,12,8,Terrier - Jack Russell,Milbemycin Oxime,Outcome Unknown,20140624,2801,Lack of efficacy (endoparasite) - whipworm,Animal Owner,Oral,Tablet,2013-06-01,2014-05-01
Dog,Female,4,11,Crossbred Canine/dog,Afoxolaner,Outcome Unknown,20150106,1018,Lethargy (see also Central nervous system depression in 'Neurological'),Animal Owner,Oral,"Tablet, chewable",2015-01-05,2015-01-05
Dog,Female,6,6,Spaniel - King Charles Cavalier,Spinosad,Recovered with Sequela,20131014,1756,Skin disorders NOS,Animal Owner,Oral,"Tablet, chewable",2013-09-15,2013-09-15
Dog,Female,6,5,Havanese,Milbemycin Oxime,Recovered/Normal,20131010,335,Emesis,Animal Owner,Oral,Tablet,2013-06-01,2013-08-01
Dog,Female,1,6,Chihuahua,Spinosad,Recovered with Sequela,20140103,302,Diarrhoea,Animal Owner,Oral,"Tablet, chewable",2013-10-21,2014-01-02
Dog,Female,1,22,Crossbred Canine/dog,Spinosad,Outcome Unknown,20140506,1039,Lack of efficacy - NOS,Animal Owner,Oral,"Tablet, chewable",2014-04-21,2014-04-21
Dog,Female,3,3,Terrier - Yorkshire,Spinosad,Outcome Unknown,20131025,1039,Lack of efficacy - NOS,Animal Owner,Oral,"Tablet, chewable",2013-06-24,2013-10-24
Dog,Female,1,23,Dalmatian,Spinosad,Outcome Unknown,20140224,1039,Lack of efficacy - NOS,Animal Owner,Oral,"Tablet, chewable",2013-09-13,2014-02-13
Dog,Male,8,39,Retriever - Labrador,Ivermectin,Ongoing,20140602,305,Digestive tract disorder NOS,Animal Owner,Oral,"Tablet, chewable",2013-04-12,2014-05-01
Dog,Female,1,18,Retriever - Labrador,Spinosad,Recovered/Normal,20140417,335,Emesis,Animal Owner,Oral,"Tablet, chewable",2014-04-16,2014-04-16
Dog,Female,9,4,Terrier - Rat,Ivermectin,Outcome Unknown,20141105,960,Pruritus,Animal Owner,Oral,"Tablet, chewable",2005-04-05,2014-10-09
Dog,Female,8,6,Terrier - Boston,Spinosad,Recovered/Normal,20140404,116,Behavioural disorder NOS,Animal Owner,Oral,"Tablet, chewable",2014-04-03,2014-04-03
Dog,Female,5,24,Pit Bull,Cyclosporine A,Outcome Unknown,20140519,966,Skin lesion NOS,Animal Owner,Oral,Capsule,2014-01-02,2014-05-04
Dog,Female,2,30,Shepherd,Spinosad,Recovered/Normal,20140812,335,Emesis,Animal Owner,Oral,"Tablet, chewable",2013-06-01,2015-05-08
Dog,Unknown,6,18,Chihuahua,Nitenpyram,Ongoing,20140726,302,Diarrhoea,Animal Owner,Oral,Tablet,2014-07-25,2014-07-25
Dog,Female,3,16,Retriever - Labrador,Moxidectin,Recovered/Normal,20140723,1794,Stiffness NOS,Veterinarian,Subcutaneous,Suspension,2014-07-22,2014-07-22
Dog,Male,3,33,Retriever - Golden,Ivermectin,Outcome Unknown,20140812,305,Digestive tract disorder NOS,Animal Owner,Oral,"Tablet, chewable",2011-05-01,2014-07-12
Dog,Male,8,27,Crossbred Canine/dog,Melarsomine Dihydrochloride,Ongoing,20210113,512,Anaphylaxis,Veterinarian,Intramuscular,Powder,2020-12-04,2021-01-13
Dog,Female,11,26,Pointing Dog - German Short-haired,Milbemycin Oxime,Outcome Unknown,20201214,2798,Lack of efficacy (endoparasite) - hookworm,Animal Owner,Oral,"Tablet, chewable",2019-12-01,2020-12-01
Dog,Female,2,27,German Boxer,Ivermectin,Outcome Unknown,20201215,2656,Lack of efficacy (endoparasite) - roundworm NOS,Animal Owner,Oral,"Tablet, chewable",2020-10-14,2020-10-14
Dog,Male,2,32,Retriever - Golden,Ivermectin,Recovered/Normal,20210329,2658,Lack of efficacy (ectoparasite) - tick NOS,Animal Owner,Oral,"Tablet, chewable",2021-03-02,2021-03-02
Dog,Female,13,9,Shih Tzu,Imidacloprid,Outcome Unknown,20210412,2649,Lack of efficacy (ectoparasite) - flea,Animal Owner,Topical,Solution,2021-03-31,2021-03-31
Dog,Male,3,27,Pointing Dog - German Short-haired,Milbemycin Oxime,Outcome Unknown,20210714,2430,Lack of efficacy (endoparasite) - heartworm,Animal Owner,Oral,"Tablet, chewable",2018-09-01,2019-09-01
Dog,Male,3,6,Spaniel - King Charles Cavalier,Milbemycin Oxime,Outcome Unknown,20210512,2656,Lack of efficacy (endoparasite) - roundworm NOS,Animal Owner,Oral,"Tablet, chewable",2021-04-01,2021-04-01
Dog,Female,3,3,Maltese,Imidacloprid,Outcome Unknown,20210818,2649,Lack of efficacy (ectoparasite) - flea,Animal Owner,Topical,Solution,2021-05-01,2021-05-01
Dog,Female,15,7,Dog,Pyrantel Pamoate;Sarolaner,Outcome Unknown,20210602,686,Twitching,Animal Owner,Oral,"Tablet, chewable",2021-05-09,2021-05-19
Dog,Female,6,3,Maltese,Moxidectin,Outcome Unknown,20210818,302,Diarrhoea,Veterinarian,Unknown,Suspension,2021-08-11,2021-08-11
Dog,Female,3,11,Retriever - Labrador,Florfenicol,Outcome Unknown,20210823,2082,Emesis,Veterinarian,Unknown,Solution,2021-06-06,2021-06-06
Dog,Female,9,40,Bulldog,Spinosad,Recovered/Normal,20120320,335,Emesis,Animal Owner,Oral,"Tablet, chewable",2012-02-27,2012-03-03
Dog,Male,7,24,Retriever - Golden,Afoxolaner 68 Mg Chewable Tablets,Outcome Unknown,20160527,958,Itching,Unknown,Oral,"Tablet, chewable",2016-04-22,2016-05-22
Dog,Female,15,17,Hound - Basset,Afoxolaner 68 Mg Chewable Tablets,Outcome Unknown,20170110,335,Emesis,Unknown,Unknown,"Tablet, chewable",2017-01-10,2017-01-10
Dog,Male,2,40,Retriever - Labrador,Melarsomine Dihydrochloride,Outcome Unknown,20060215,93,Injection site pain,Veterinarian,Intramuscular,Suspension,2006-02-01,2006-02-02
Dog,Female,9,4,Spitz - German Pomeranian,Spinosad,Recovered/Normal,20130917,335,Emesis,Animal Owner,Oral,"Tablet, chewable",2013-09-17,2013-09-17
Dog,Female,5,6,Crossbred Canine/dog,Milbemycin Oxime,Ongoing,20130715,1039,Lack of efficacy - NOS,Animal Owner,Oral,Tablet,2009-06-01,2012-05-01
Dog,Female,4,31,Shepherd Dog - Australian,Ivermectin/Pyrantel Pamoate Chewable 272Mcg/652Mg,Outcome Unknown,20130827,334,Vomiting,Animal Owner,Oral,"Tablet, chewable",2013-08-14,2013-08-14
Dog,Female,7,6,Pug,Spinosad,Recovered/Normal,20130910,335,Emesis,Animal Owner,Oral,"Tablet, chewable",2010-06-29,2013-08-29
Dog,Male,1,30,Retriever - Labrador,Spinosad,Recovered/Normal,20131217,335,Emesis,Animal Owner,Oral,"Tablet, chewable",2013-12-17,2013-12-17
Dog,Female,4,2,Spitz - German Pomeranian,Spinosad,Recovered/Normal,20120808,193,Increased heart rate,Animal Owner,Oral,"Tablet, chewable",2012-04-01,2012-08-06
Dog,Female,5,34,Doberman Pinscher,Spinosad,Recovered/Normal,20120516,335,Emesis,Animal Owner,Oral,"Tablet, chewable",2012-03-15,2012-05-15
Dog,Female,5,9,Beagle,Ivermectin/Pyrantel Pamoate Chewable 68Mcg/163Mg,Outcome Unknown,20120712,305,Digestive tract disorder NOS,Animal Owner,Oral,"Tablet, chewable",2011-07-08,2012-06-01
Dog,Female,14,5,Shih Tzu,Spinosad,Recovered/Normal,20120905,334,Vomiting,Animal Owner,Oral,"Tablet, chewable",2012-08-02,2012-09-02
Dog,Female,2,21,Retriever - Labrador,Spinosad,Recovered/Normal,20120926,335,Emesis,Animal Owner,Oral,"Tablet, chewable",2012-08-20,2012-08-20
Dog,Female,8,12,Corgi - Welsh Cardigan,Ivermectin/Pyrantel Pamoate Chewable 136Mcg/326Mg,Outcome Unknown,20121217,305,Digestive tract disorder NOS,Animal Owner,Oral,"Tablet, chewable",2012-01-29,2012-12-09
Dog,Female,13,16,Spaniel (unspecified,Ivermectin/Pyrantel Pamoate Chewable 136Mcg/326Mg,Outcome Unknown,20130306,305,Digestive tract disorder NOS,Animal Owner,Oral,"Tablet, chewable",2012-03-01,2013-03-01
Dog,Male,3,18,Retriever - Labrador,Ivermectin/Pyrantel Pamoate Chewable 136Mcg/326Mg,Outcome Unknown,20130405,305,Digestive tract disorder NOS,Animal Owner,Oral,"Tablet, chewable",2012-10-20,2013-04-01
Dog,Female,4,17,Shepherd Dog - Australian,Spinosad,Outcome Unknown,20130214,1039,Lack of efficacy - NOS,Animal Owner,Oral,"Tablet, chewable",2013-01-01,2013-02-01
Dog,Female,6,1,Chihuahua,Spinosad,Recovered/Normal,20130417,335,Emesis,Animal Owner,Oral,"Tablet, chewable",2013-04-08,2013-04-08
Dog,Female,11,2,Terrier - Yorkshire,Milbemycin Oxime,Outcome Unknown,20130307,1039,Lack of efficacy - NOS,Animal Owner,Oral,Tablet,2012-05-01,2013-03-02
Dog,Female,7,42,Retriever - Labrador,Ivermectin/Pyrantel Pamoate Chewable 272Mcg/652Mg,Outcome Unknown,20130520,998,Decreased appetite,Animal Owner,Oral,"Tablet, chewable",2013-02-28,2013-04-28
Dog,Female,4,29,Retriever - Labrador,Spinosad,Recovered/Normal,20130604,335,Emesis,Animal Owner,Oral,"Tablet, chewable",2013-04-01,2013-06-03
Dog,Female,6,21,Retriever - Labrador,Ivermectin,Outcome Unknown,20140407,305,Digestive tract disorder NOS,Animal Owner,Oral,"Tablet, chewable",2013-09-30,2014-04-01
Dog,Male,2,7,Bichon Frise,Ivermectin,Outcome Unknown,20141105,334,Vomiting,Animal Owner,Oral,"Tablet, chewable",2013-11-01,2014-11-05
Dog,Female,3,29,Retriever - Golden,Spinosad,Recovered/Normal,20140603,1018,Lethargy (see also Central nervous system depression in 'Neurological'),Animal Owner,Oral,"Tablet, chewable",2014-06-01,2014-06-01
Dog,Male,10,52,Akita,"Ivermectin 272Mcg, Pyrantel Pamoate 228Mg, Praziquantel 228Mg",Outcome Unknown,20140729,124,Inappropriate urination,Animal Owner,Oral,"Tablet, chewable",2014-07-19,2014-07-19
Dog,Female,4,27,Retriever - Labrador,"Milbemcyin Oxime, Lufenuron, Praziquantel",Outcome Unknown,20141209,1039,Lack of efficacy - NOS,Animal Owner,Oral,"Tablet, chewable",2014-09-15,2014-11-15
Dog,Female,4,2,Terrier - Yorkshire,Spinosad,Outcome Unknown,20141114,1039,Lack of efficacy - NOS,Animal Owner,Oral,"Tablet, chewable",2012-10-01,2014-10-17
Dog,Female,5,7,Terrier - West Highland White,Cyclosporine A,Outcome Unknown,20150102,1039,Lack of efficacy - NOS,Animal Owner,Oral,Capsule,2014-12-29,2015-01-02
Dog,Female,1,4,Shih Tzu,Ivermectin,Outcome Unknown,20150114,305,Digestive tract disorder NOS,Animal Owner,Oral,"Tablet, chewable",2014-01-01,2014-12-15
Dog,Female,13,6,Crossbred Canine/dog,Spinosad,Recovered/Normal,20120319,335,Emesis,Animal Owner,Oral,"Tablet, chewable",2012-03-19,2012-03-19
Dog,Female,22,13,Beagle,Spinosad,Recovered/Normal,20120917,335,Emesis,Animal Owner,Oral,"Tablet, chewable",2012-07-15,2012-09-15
Dog,Male,6,35,Retriever - Labrador,Milbemycin Oxime,Ongoing,20120928,99115,"INEFFECTIVE, HEARTWORM LARVAE",Animal Owner,Oral,Tablet,2010-05-01,2012-04-01
Dog,Male,3,7,Shih Tzu,Spinosad,Outcome Unknown,20120907,129,Vocalisation,Animal Owner,Oral,"Tablet, chewable",2012-08-01,2012-09-01
Dog,Male,5,38,Greyhound,Spinosad,Outcome Unknown,20120926,1039,Lack of efficacy - NOS,Animal Owner,Oral,"Tablet, chewable",2012-05-29,2012-08-29
Dog,Female,2,8,Terrier - Jack Russell,Spinosad,Recovered/Normal,20120821,2071,General illness,Animal Owner,Oral,"Tablet, chewable",2012-07-25,2012-07-25
Dog,Female,7,7,Poodle - Toy,Spinosad,Recovered with Sequela,20130217,1760,Skin irritation,Animal Owner,Oral,"Tablet, chewable",2012-01-01,2013-02-03
Dog,Female,2,10,Spaniel - King Charles Cavalier,Spinosad,Recovered with Sequela,20130313,1018,Lethargy (see also Central nervous system depression in 'Neurological'),Animal Owner,Oral,"Tablet, chewable",2013-03-12,2013-03-12
Dog,Female,11,10,Retriever - Labrador,Spinosad,Outcome Unknown,20130416,292,Drooling,Animal Owner,Oral,"Tablet, chewable",2013-01-01,2013-04-16
Dog,Female,2,28,Crossbred Canine/dog,Ivermectin/Pyrantel Pamoate Chewable 272Mcg/652Mg,Outcome Unknown,20130603,305,Digestive tract disorder NOS,Animal Owner,Oral,"Tablet, chewable",2012-06-01,2013-05-02
Dog,Female,3,2,Terrier - Yorkshire,Spinosad,Outcome Unknown,20130626,2649,Lack of efficacy (ectoparasite) - flea,Animal Owner,Oral,"Tablet, chewable",2011-01-01,2013-06-18
Dog,Female,4,12,Beagle,Spinosad,Outcome Unknown,20130517,2649,Lack of efficacy (ectoparasite) - flea,Animal Owner,Oral,"Tablet, chewable",2013-05-14,2013-05-14
Dog,Female,8,12,Poodle,Spinosad,Recovered/Normal,20130801,315,Bloody diarrhoea,Animal Owner,Oral,"Tablet, chewable",2013-07-31,2013-07-31
Dog,Male,2,27,Dog,Nitenpyram,Ongoing,20141214,962,Skin sore,Animal Owner,Oral,Tablet,2014-11-30,2014-11-30
Dog,Male,11,58,Dog,Ivermectin/Pyrantel Pamoate Chewable 272Mcg/652Mg,Outcome Unknown,20130930,334,Vomiting,Animal Owner,Oral,"Tablet, chewable",2013-07-26,2013-09-26
Dog,Female,4,9,Dachshund,Spinosad,Recovered with Sequela,20130624,958,Itching,Animal Owner,Oral,"Tablet, chewable",2013-01-01,2013-06-01
Dog,Female,1,9,Sheepdog - Shetland,Spinosad,Recovered/Normal,20130822,335,Emesis,Animal Owner,Oral,"Tablet, chewable",2012-08-01,2013-08-22
Dog,Male,6,27,Retriever - Labrador,Spinosad,Recovered/Normal,20130923,335,Emesis,Animal Owner,Oral,"Tablet, chewable",2013-09-18,2013-09-18
Dog,Female,6,5,Shih Tzu,Spinosad,Recovered/Normal,20130830,335,Emesis,Animal Owner,Oral,"Tablet, chewable",2013-06-18,2013-08-22
Dog,Male,1,27,Shepherd Dog - Belgian Malinois,"Ivermectin 272Mcg, Pyrantel Pamoate 228Mg, Praziquantel 228Mg",Outcome Unknown,20131008,334,Vomiting,Animal Owner,Oral,"Tablet, chewable",2013-10-06,2013-10-06
Dog,Male,10,35,Retriever - Labrador,Spinosad,Recovered/Normal,20140304,1019,Stupor,Animal Owner,Oral,"Tablet, chewable",2013-11-17,2014-03-01
Dog,Male,5,28,American Pit Bull Terrier,"Ivermectin 272Mcg, Pyrantel Pamoate 228Mg, Praziquantel 228Mg",Outcome Unknown,20131120,302,Diarrhoea,Animal Owner,Oral,"Tablet, chewable",2013-09-15,2013-09-15
Dog,Male,2,3,Chihuahua,Spinosad,Outcome Unknown,20140623,335,Emesis,Animal Owner,Oral,"Tablet, chewable",2014-06-21,2014-06-21
Dog,Female,7,27,Shepherd Dog - German,Milbemycin Oxime,Recovered/Normal,20140723,335,Emesis,Animal Owner,Oral,Tablet,2014-03-01,2014-04-01
Dog,Female,12,9,Spaniel - Cocker American,Ivermectin,Outcome Unknown,20150422,305,Digestive tract disorder NOS,Animal Owner,Oral,"Tablet, chewable",2012-01-01,2015-04-01
Dog,Female,7,14,Beagle,Fluralaner Chew Tablets,Outcome Unknown,20160513,2658,Lack of efficacy (ectoparasite) - tick NOS,Animal Owner,Oral,"Tablet, chewable",2015-06-11,2016-03-08
Dog,Female,7,4,Terrier - Yorkshire,Spinosad,Outcome Unknown,20160129,2649,Lack of efficacy (ectoparasite) - flea,Animal Owner,Oral,"Tablet, chewable",2013-01-01,2015-12-31
Dog,Female,2,4,Poodle - Toy,Spinosad,Recovered/Normal,20150914,334,Vomiting,Animal Owner,Oral,"Tablet, chewable",2013-01-01,2015-09-14
Dog,Female,16,18,Retriever - Labrador,Spinosad,Outcome Unknown,20150918,1039,Lack of efficacy - NOS,Animal Owner,Oral,"Tablet, chewable",2014-06-01,2014-08-01
Dog,Male,7,26,Pointing Dog - German Short-haired,"Milbemycin Oxime, Lufenuron",Outcome Unknown,20150323,1039,Lack of efficacy - NOS,Animal Owner,Oral,Tablet,2015-02-24,2015-02-24
Dog,Male,7,2,Maltese,Spinosad,Outcome Unknown,20150618,1039,Lack of efficacy - NOS,Animal Owner,Oral,"Tablet, chewable",2015-06-18,2015-06-18
Dog,Male,12,4,Terrier - Jack Russell,Fluralaner Chew Tablets,Outcome Unknown,20150824,2649,Lack of efficacy (ectoparasite) - flea,Animal Owner,Oral,"Tablet, chewable",2015-06-18,2015-06-18
Dog,Female,2,6,Shih Tzu,Ivermectin,Outcome Unknown,20150505,305,Digestive tract disorder NOS,Animal Owner,Oral,"Tablet, chewable",2014-05-20,2015-05-01
Dog,Male,11,3,Terrier - Yorkshire,Spinosad,Outcome Unknown,20150706,302,Diarrhoea,Animal Owner,Oral,"Tablet, chewable",2015-06-27,2015-06-27
Dog,Male,3,8,Chihuahua,Spinosad,Recovered/Normal,20151106,334,Vomiting,Animal Owner,Oral,"Tablet, chewable",2014-08-01,2015-09-01
Dog,Female,11,35,Retriever - Golden,Spinosad,Recovered/Normal,20150831,334,Vomiting,Animal Owner,Oral,"Tablet, chewable",2011-07-01,2015-08-06
Dog,Female,17,18,Coonhound - Black and Tan,"Milbemcyin Oxime, Lufenuron, Praziquantel",Outcome Unknown,20150515,334,Vomiting,Animal Owner,Oral,"Tablet, chewable",2015-05-01,2015-05-01
Dog,Male,5,33,Retriever - Labrador,Ivermectin,Outcome Unknown,20160309,305,Digestive tract disorder NOS,Animal Owner,Oral,"Tablet, chewable",2011-04-01,2016-02-01
Dog,Female,3,33,Shepherd Dog - German,"Milbemcyin Oxime, Lufenuron, Praziquantel",Outcome Unknown,20151222,2657,Lack of efficacy (endoparasite) - tapeworm,Animal Owner,Oral,"Tablet, chewable",2015-11-25,2015-11-25
Dog,Male,2,25,Hound,Ivermectin,Outcome Unknown,20160415,305,Digestive tract disorder NOS,Animal Owner,Oral,"Tablet, chewable",2014-06-23,2016-04-01
Dog,Male,2,33,Retriever - Labrador,Fluralaner Chew Tablets,Outcome Unknown,20160621,996,Anorexia,Animal Owner,Oral,"Tablet, chewable",2016-06-20,2016-06-20
Dog,Male,2,31,Crossbred Canine/dog,"Milbemycin Oxime, Lufenuron",Outcome Unknown,20160315,2801,Lack of efficacy (endoparasite) - whipworm,Animal Owner,Oral,Tablet,2016-03-01,2016-03-01
Dog,Female,2,26,Pit Bull,Spinosad,Recovered/Normal,20160709,334,Vomiting,Animal Owner,Oral,"Tablet, chewable",2014-07-01,2016-07-09
Dog,Female,5,30,Pit Bull,Spinosad,Ongoing,20160915,1492,Generalised itching,Animal Owner,Oral,"Tablet, chewable",2016-08-15,2016-08-15
Dog,Male,4,41,German Boxer,Ivermectin,Recovered with Sequela,20161028,202,Cardiac disorder NOS,Unknown,Oral,"Tablet, chewable",2015-12-17,2016-06-17
Dog,Male,8,3,Maltese,Spinosad,Outcome Unknown,20170215,2649,Lack of efficacy (ectoparasite) - flea,Animal Owner,Oral,"Tablet, chewable",2016-01-01,2017-01-01
Dog,Female,10,12,Dachshund,Ivermectin,Outcome Unknown,20170103,305,Digestive tract disorder NOS,Unknown,Oral,"Tablet, chewable",2016-09-01,2016-12-01
Dog,Male,9,3,Chihuahua,Sarolaner,Ongoing,20170404,645,Seizure NOS,Veterinarian,Oral,"Tablet, chewable",2017-04-03,2017-04-03
Dog,Female,4,2,Chihuahua,Nitenpyram,Ongoing,20170729,1974,Excessive licking and/or grooming,Other,Oral,Tablet,2017-07-29,2017-07-29
Dog,Female,23,19,Great Pyrenees,Sarolaner,Recovered/Normal,20170627,334,Vomiting,Animal Owner,Oral,"Tablet, chewable",2017-06-22,2017-06-22
Dog,Male,6,31,Retriever - Labrador,Spinosad,Outcome Unknown,20170531,468,Ocular discharge,Animal Owner,Oral,"Tablet, chewable",2017-05-17,2017-05-17
Dog,Female,21,10,Terrier - Yorkshire,Afoxolaner,Outcome Unknown,20180928,1533,Increased salivation,Animal Owner,Oral,"Tablet, chewable",2018-02-27,2018-09-01
Dog,Male,8,34,Retriever - Labrador,Ivermectin,Outcome Unknown,20190215,2656,Lack of efficacy (endoparasite) - roundworm NOS,Animal Owner,Oral,"Tablet, chewable",2010-08-04,2019-01-25
Dog,Male,8,5,Crossbred Canine/dog,Imidacloprid,Outcome Unknown,20170723,1080,Mucous stool,Animal Owner,Topical,Solution,2017-07-22,2017-07-22
Dog,Male,7,39,Retriever - Labrador,Spinosad,Ongoing,20170809,1221,Other abnormal test result NOS,Animal Owner,Oral,"Tablet, chewable",2012-05-24,2017-07-01
Dog,Mixed,8,30,Shepherd Dog - German,"Milbemycin Oxime, Lufenuron",Outcome Unknown,20170718,334,Vomiting,Animal Owner,Oral,Tablet,2017-07-17,2017-07-17
Dog,Male,5,38,Retriever - Labrador,Milbemycin Oxime,Recovered/Normal,20180215,334,Vomiting,Animal Owner,Oral,"Tablet, chewable",2017-01-01,2017-12-07
Dog,Female,4,4,Dachshund,Nitenpyram,Outcome Unknown,20180508,334,Vomiting,Animal Owner,Oral,Tablet,2018-05-04,2018-05-04
Dog,Female,12,4,Spitz - German Pomeranian,Sarolaner,Ongoing,20180306,302,Diarrhoea,Animal Owner,Oral,"Tablet, chewable",2018-03-05,2018-03-05
Dog,Male,3,31,Retriever - Labrador,Afoxolaner,Outcome Unknown,20180319,315,Bloody diarrhoea,Animal Owner,Oral,"Tablet, chewable",2018-03-14,2018-03-14
Dog,Male,3,35,Retriever - Labrador,Ivermectin,Outcome Unknown,20180730,99115,"INEFFECTIVE, HEARTWORM LARVAE",Animal Owner,Oral,"Tablet, chewable",2015-01-06,2018-07-01
Dog,Male,2,32,Bulldog,Spinosad,Outcome Unknown,20180424,99112,"INEFFECTIVE, HOOKS",Animal Owner,Oral,"Tablet, chewable",2017-10-01,2018-03-24
Dog,Male,4,30,Crossbred Canine/dog,Spinosad,Recovered/Normal,20180515,334,Vomiting,Animal Owner,Oral,"Tablet, chewable",2018-01-01,2018-05-15
Dog,Male,3,36,Dog,Milbemycin Oxime,Recovered/Normal,20180905,1200,Hot spot (pyotraumatic dermatitis),Animal Owner,Oral,Tablet,2018-08-01,2018-08-01
Dog,Male,2,4,Bichon Frise,Spinosad,Recovered/Normal,20180806,2501,Increased yawning,Animal Owner,Oral,"Tablet, chewable",2018-03-02,2018-08-03
Dog,Female,11,7,Terrier - Jack Russell,Lotilaner,Recovered/Normal,20200717,334,Vomiting,Animal Owner,Oral,"Tablet, chewable",2020-07-17,2020-07-17
Dog,Female,2,24,German Boxer,Ivermectin,Recovered with Sequela,20200316,2430,Lack of efficacy (endoparasite) - heartworm,Animal Owner,Oral,"Tablet, chewable",2019-04-02,2020-03-01
Dog,Male,3,34,Retriever - Labrador,Afoxolaner,Recovered/Normal,20190405,334,Vomiting,Animal Owner,Oral,"Tablet, chewable",2019-04-01,2019-04-01
Dog,Female,7,8,Schnauzer - Miniature,Oclacitinib Maleate,Outcome Unknown,20190701,334,Vomiting,Animal Owner,Oral,Tablet,2018-07-01,2018-07-05
Dog,Male,4,17,Retriever - Labrador,Milbemycin Oxime,Outcome Unknown,20191015,1221,Other abnormal test result NOS,Animal Owner,Oral,"Tablet, chewable",2018-10-01,2019-09-01
Dog,Male,19,32,Retriever - Labrador,Milbemycin Oxime,Outcome Unknown,20200113,2430,Lack of efficacy (endoparasite) - heartworm,Animal Owner,Oral,"Tablet, chewable",2019-02-01,2019-07-01
Dog,Female,10,6,Terrier - Boston,Selamectin,Ongoing,20190930,99112,"INEFFECTIVE, HOOKS",Animal Owner,Topical,Solution,2019-09-25,2019-09-25
Dog,Female,2,15,Crossbred Canine/dog,Ivermectin,Outcome Unknown,20200513,2430,Lack of efficacy (endoparasite) - heartworm,Animal Owner,Oral,"Tablet, chewable",2019-01-03,2019-06-01
Dog,Female,10,9,Terrier,Trilostane,Outcome Unknown,20201127,687,Trembling,Animal Owner,Oral,Capsule,2020-10-12,2020-11-25
Dog,Female,14,1,Chihuahua,Spinosad,Outcome Unknown,20200403,1043,Weight loss,Animal Owner,Oral,"Tablet, chewable",2015-01-01,2019-03-01
Dog,Female,10,28,Crossbred Canine/dog,Milbemycin Oxime,Outcome Unknown,20190122,2656,Lack of efficacy (roundworm),Animal Owner,Oral,"Tablet, chewable",2017-08-01,2019-01-01
Dog,Female,11,2,Chihuahua,Nitenpyram,Outcome Unknown,20190822,2649,Lack of efficacy (flea),Animal Owner,Oral,Tablet,2019-08-15,2019-08-20
Dog,Male,12,4,Chihuahua,Ivermectin,Recovered/Normal,20210510,334,Vomiting,Patient,Oral,"Tablet, chewable",2021-05-09,2021-05-09
Dog,Female,13,2,Chihuahua,Maropitant Citrate,Outcome Unknown,20210826,1039,Lack of efficacy - NOS,Veterinarian,Unknown,Injection,2021-08-26,2021-08-26
Dog,Female,2,18,Crossbred Canine/dog,Ivermectin,Outcome Unknown,20210517,2656,Lack of efficacy (endoparasite) - roundworm NOS,Animal Owner,Oral,"Tablet, chewable",2021-04-28,2021-04-28
Dog,Female,15,7,Spaniel - King Charles Cavalier,Moxidectin,Recovered/Normal,20200526,512,Anaphylaxis,Unknown,Subcutaneous,Suspension,2020-05-22,2020-05-22
Dog,Male,13,20,Crossbred Canine/dog,Imidacloprid,Outcome Unknown,20200615,119,Restlessness,Animal Owner,Topical,Solution,2020-04-14,2020-04-14
Dog,Male,2,22,Collie - Border,Ivermectin/Pyrantel Pamoate Chewable 136Mcg/326Mg,Outcome Unknown,20120725,202,Cardiac disorder NOS,Animal Owner,Oral,"Tablet, chewable",2011-09-01,2012-07-01
Dog,Female,1,4,Chihuahua,Pyrantel Pamoate,Outcome Unknown,20210326,334,Vomiting,Patient,Oral,"Tablet, chewable",2021-03-25,2021-03-25
Dog,Male,3,4,Terrier - Yorkshire,Spinosad,Outcome Unknown,20120412,2649,Lack of efficacy (ectoparasite) - flea,Animal Owner,Oral,"Tablet, chewable",2010-01-01,2012-03-27
Dog,Female,7,50,Akita,Spinosad,Recovered with Sequela,20130114,1018,Lethargy (see also Central nervous system depression in 'Neurological'),Animal Owner,Oral,"Tablet, chewable",2012-05-01,2013-01-13
Dog,Male,7,39,Retriever - Labrador,Milbemycin Oxime,Ongoing,20130125,99115,"INEFFECTIVE, HEARTWORM LARVAE",Animal Owner,Oral,Tablet,2011-02-01,2012-01-01
Dog,Female,4,27,Greyhound,Moxidectin,Recovered/Normal,20210702,2798,Lack of efficacy (endoparasite) - hookworm,Unknown,Subcutaneous,Suspension,2021-01-29,2021-01-29
Dog,Male,7,25,Shepherd,Pyrantel Pamoate;Sarolaner,Ongoing,20210806,966,Skin lesion NOS,Animal Owner,Oral,"Tablet, chewable",2021-08-01,2021-08-01
Dog,Female,18,32,Rottweiler,Spinosad,Outcome Unknown,20120823,884,Cough,Animal Owner,Oral,"Tablet, chewable",2012-08-21,2012-08-21
Dog,Female,4,4,Terrier - Jack Russell,Spinosad,Recovered/Normal,20130807,302,Diarrhoea,Animal Owner,Oral,"Tablet, chewable",2012-01-01,2013-08-05
Dog,Female,13,42,Cattle Dog,Afoxolaner 136 Mg Chewable Tablets,Recovered/Normal,20160314,948,Erythema (for urticaria see Immune SOC),Animal Owner,Oral,"Tablet, chewable",2016-01-25,2016-03-07
Dog,Male,6,17,Crossbred Canine/dog,Spinosad,Outcome Unknown,20140120,1039,Lack of efficacy - NOS,Animal Owner,Oral,"Tablet, chewable",2014-01-17,2014-01-17
Dog,Female,12,3,American Pit Bull Terrier,Pyrantel Pamoate/Praziquantel,Recovered/Normal,20120607,273,Tenesmus,Animal Owner,Oral,Tablet,2012-06-05,2012-06-05
Dog,Female,22,9,Beagle,Spinosad,Recovered/Normal,20130305,335,Emesis,Animal Owner,Oral,"Tablet, chewable",2012-07-05,2013-03-01
Dog,Female,5,8,Crossbred Canine/dog,Ivermectin/Pyrantel Pamoate Chewable 68Mcg/163Mg,Outcome Unknown,20130327,305,Digestive tract disorder NOS,Animal Owner,Oral,"Tablet, chewable",2008-03-15,2013-03-15
Dog,Female,2,16,Dog (other,Spinosad,Recovered/Normal,20120210,335,Emesis,Animal Owner,Oral,"Tablet, chewable",2012-01-09,2012-02-09
Dog,Male,8,30,Retriever - Labrador,Spinosad,Recovered/Normal,20131127,335,Emesis,Animal Owner,Oral,"Tablet, chewable",2009-06-01,2013-11-25
Dog,Female,2,5,Shih Tzu,Spinosad,Recovered/Normal,20130425,334,Vomiting,Animal Owner,Oral,"Tablet, chewable",2012-07-23,2013-04-23
Dog,Male,1,4,Chihuahua,Selamectin,Outcome Unknown,20131028,2649,Lack of efficacy (ectoparasite) - flea,Animal Owner,Topical,Solution,2013-08-01,2013-10-01
Dog,Male,5,9,Retriever - Labrador,Spinosad,Recovered/Normal,20140723,335,Emesis,Animal Owner,Oral,"Tablet, chewable",2014-07-09,2014-07-09
Dog,Female,5,8,Terrier - Boston,Ivermectin/Pyrantel Pamoate Chewable 68Mcg/163Mg,Outcome Unknown,20120717,305,Digestive tract disorder NOS,Animal Owner,Oral,"Tablet, chewable",2007-01-01,2012-07-01
Dog,Female,16,20,Crossbred Canine/dog,Spinosad,Outcome Unknown,20120822,1039,Lack of efficacy - NOS,Animal Owner,Oral,"Tablet, chewable",2011-07-01,2012-08-01
Dog,Female,3,24,Shepherd Dog - German,Milbemycin Oxime,Recovered/Normal,20130603,99115,"INEFFECTIVE, HEARTWORM LARVAE",Animal Owner,Oral,Tablet,2012-04-01,2012-11-01
Dog,Female,21,8,Bulldog - French,Spinosad,Recovered/Normal,20130814,335,Emesis,Animal Owner,Oral,"Tablet, chewable",2012-12-01,2013-08-01
Dog,Female,11,10,Shih Tzu,Trilostane,Outcome Unknown,20130128,718,Polyuria,Animal Owner,Oral,Capsule,2012-01-28,2013-02-01
Dog,Female,7,27,Hound,Spinosad,Recovered/Normal,20140422,335,Emesis,Animal Owner,Oral,"Tablet, chewable",2012-08-01,2014-04-22
Dog,Female,13,15,Hound - Basset,Maropitant Citrate,Ongoing,20130703,654,Ataxia,Veterinarian,Subcutaneous,Injection,2013-07-03,2013-07-03
Dog,Female,8,11,Crossbred Canine/dog,Spinosad,Recovered/Normal,20130819,2082,Emesis,Animal Owner,Oral,"Tablet, chewable",2013-01-18,2013-08-18
Dog,Male,14,28,Retriever - Labrador,Ivermectin/Pyrantel Pamoate Chewable 272Mcg/652Mg,Outcome Unknown,20130918,305,Digestive tract disorder NOS,Animal Owner,Oral,"Tablet, chewable",2013-02-28,2013-08-30
Dog,Male,18,37,Retriever - Labrador,Spinosad,Recovered/Normal,20140619,335,Emesis,Animal Owner,Oral,"Tablet, chewable",2013-03-01,2014-06-01
Dog,Female,2,35,Retriever - Labrador,"Ivermectin 272Mcg, Pyrantel Pamoate 228Mg, Praziquantel 228Mg",Outcome Unknown,20141208,1039,Lack of efficacy - NOS,Animal Owner,Oral,"Tablet, chewable",2014-12-01,2014-12-01
Dog,Female,7,11,Retriever - Labrador,Spinosad,Recovered/Normal,20140127,269,Flatulence,Animal Owner,Oral,"Tablet, chewable",2013-01-15,2014-01-17
Dog,Female,18,19,Shepherd Dog - German,Melarsomine Dihydrochloride Injection,Outcome Unknown,20141205,92,Injection site lump,Veterinarian,Intramuscular,Suspension,2014-10-11,2014-11-11
Dog,Male,7,6,Poodle - Miniature,Nitenpyram,Ongoing,20140813,1039,Lack of efficacy - NOS,Animal Owner,Oral,Tablet,2008-01-01,2014-07-01
Dog,Male,11,9,Mixed (Dog,Pyrantel Pamoate/Praziquantel,Recovered/Normal,20150118,1171,Laboured breathing,Animal Owner,Oral,Tablet,2015-01-18,2015-01-18
Dog,Male,14,27,Retriever - Labrador,Afoxolaner,Outcome Unknown,20150702,334,Vomiting,Animal Owner,Oral,"Tablet, chewable",2015-06-01,2015-06-01
Dog,Female,5,3,Spitz - German Pomeranian,Ivermectin,Outcome Unknown,20150313,305,Digestive tract disorder NOS,Animal Owner,Oral,"Tablet, chewable",2014-12-24,2015-02-15
Dog,Male,1,7,Dachshund,Moxidectin,Recovered/Normal,20150414,334,Vomiting,Veterinarian,Subcutaneous,Suspension,2015-04-02,2015-04-02
Dog,Female,11,10,Terrier,Spinosad,Recovered/Normal,20160208,334,Vomiting,Animal Owner,Oral,"Tablet, chewable",2016-02-08,2016-02-08
Dog,Female,9,10,Terrier - Boston,Afoxolaner,Outcome Unknown,20151215,2050,Elevated alanine aminotransferase (ALT),Animal Owner,Oral,"Tablet, chewable",2015-05-01,2015-11-30
Dog,Male,3,15,Collie - Border,Spinosad,Outcome Unknown,20160201,334,Vomiting,Animal Owner,Oral,"Tablet, chewable",2014-08-01,2014-08-01
Dog,Male,2,29,Mixed (Dog,Melarsomine Dihydrochloride Injection,Ongoing,20160115,129,Vocalisation,Veterinarian,Intramuscular,Suspension,2016-01-14,2016-01-14
Dog,Male,8,7,Havanese,Carprofen,Ongoing,20160506,1346,Bladder incontinence,Animal Owner,Oral,"Tablet, chewable",2016-03-25,2016-04-20
Dog,Female,3,4,Maltese,Oclacitinib Maleate,Ongoing,20170822,1018,Lethargy (see also Central nervous system depression in 'Neurological'),Animal Owner,Oral,Tablet,2017-08-03,2017-08-21
Dog,Male,3,30,Greyhound,Ivermectin,Outcome Unknown,20150911,305,Digestive tract disorder NOS,Animal Owner,Oral,"Tablet, chewable",2015-01-01,2015-08-01
Dog,Female,11,3,Chihuahua,Spinosad,Ongoing,20161110,1207,Not eating,Animal Owner,Oral,"Tablet, chewable",2014-06-01,2016-11-09
Dog,Female,3,14,Hound - Basset,Afoxolaner,Outcome Unknown,20160715,645,Seizure NOS,Unknown,Oral,"Tablet, chewable",2016-07-14,2016-07-14
Dog,Female,7,31,Retriever - Labrador,Florfenicol,Outcome Unknown,20151008,1039,Lack of efficacy - NOS,Veterinarian,Auricular (Otic),Gel,2015-09-11,2015-09-17
Dog,Female,8,40,Retriever - Labrador,Melarsomine Dihydrochloride Injection,Outcome Unknown,20150323,855,Panting,Veterinarian,Intramuscular,Suspension,2015-03-23,2015-03-23
Dog,Male,12,7,Maltese,Spinosad,Outcome Unknown,20150929,1039,Lack of efficacy - NOS,Animal Owner,Oral,"Tablet, chewable",2011-07-01,2015-09-17
Dog,Male,14,9,Schnauzer - Miniature,Afoxolaner,Died,20161129,334,Vomiting,Unknown,Oral,"Tablet, chewable",2016-10-11,2016-11-11
Dog,Male,6,16,Beagle,Ivermectin,Outcome Unknown,20150702,2798,Lack of efficacy (endoparasite) - hookworm,Unknown,Oral,Tablet,2013-07-01,2015-06-09
Dog,Female,3,33,Shepherd Dog - German,Spinosad,Outcome Unknown,20151130,99115,"INEFFECTIVE, HEARTWORM LARVAE",Animal Owner,Oral,"Tablet, chewable",2012-08-21,2015-10-01
Dog,Female,14,18,American Pit Bull Terrier,"Milbemycin Oxime, Lufenuron",Outcome Unknown,20151019,2801,Lack of efficacy (endoparasite) - whipworm,Animal Owner,Oral,Tablet,2015-10-03,2015-10-03
Dog,Female,5,23,Retriever - Golden,Ivermectin,Ongoing,20170608,305,Digestive tract disorder NOS,Unknown,Oral,"Tablet, chewable",2016-08-01,2017-06-06
Dog,Female,4,26,German Boxer,Afoxolaner,Outcome Unknown,20160329,334,Vomiting,Animal Owner,Oral,"Tablet, chewable",2015-03-01,2016-03-28
Dog,Male,12,17,Spaniel - Cocker American,Ivermectin,Outcome Unknown,20170321,305,Digestive tract disorder NOS,Unknown,Oral,"Tablet, chewable",2004-08-16,2017-03-01
Dog,Male,2,27,Poodle - Standard,Ivermectin,Outcome Unknown,20180213,2656,Lack of efficacy (endoparasite) - roundworm NOS,Animal Owner,Oral,"Tablet, chewable",2017-12-19,2018-01-17
Dog,Female,8,11,Beagle,Ivermectin,Recovered with Sequela,20171019,99115,"INEFFECTIVE, HEARTWORM LARVAE",Unknown,Oral,"Tablet, chewable",2015-08-18,2017-10-01
Dog,Male,2,14,Shepherd Dog - German,Melarsomine Dihydrochloride Injection,Outcome Unknown,20170107,999,Inappetence,Unknown,Intramuscular,Suspension,2017-01-04,2017-01-05
Dog,Female,8,4,Dog,Pyrantel Pamoate,Outcome Unknown,20180814,334,Vomiting,Patient,Oral,"Tablet, chewable",2018-08-13,2018-08-13
Dog,Male,4,6,Shih Tzu,Ivermectin,Outcome Unknown,20160505,305,Digestive tract disorder NOS,Unknown,Oral,"Tablet, chewable",2012-03-29,2016-04-23
Dog,Female,3,43,Shepherd Dog - German,Ivermectin,Recovered with Sequela,20170315,202,Cardiac disorder NOS,Unknown,Oral,"Tablet, chewable",2016-06-08,2017-03-01
Dog,Female,6,27,Retriever - Labrador,Afoxolaner,Recovered/Normal,20170406,334,Vomiting,Unknown,Oral,"Tablet, chewable",2016-01-14,2017-04-06
Dog,Female,11,2,Maltese,Afoxolaner,Outcome Unknown,20171002,315,Bloody diarrhoea,Unknown,Oral,"Tablet, chewable",2017-09-22,2017-09-22
Dog,Female,12,12,Shepherd Dog - German,"Milbemycin Oxime, Lufenuron",Euthanized,20160909,645,Seizure NOS,Animal Owner,Oral,Tablet,2016-09-08,2016-09-08
Dog,Male,5,31,Crossbred Canine/dog,Ivermectin,Recovered with Sequela,20190430,2430,Lack of efficacy (endoparasite) - heartworm,Animal Owner,Oral,"Tablet, chewable",2018-03-24,2019-04-01
Dog,Female,8,29,Collie - Border,Ivermectin,Outcome Unknown,20180510,99112,"INEFFECTIVE, HOOKS",Animal Owner,Oral,"Tablet, chewable",2010-05-01,2018-05-01
Dog,Female,5,15,Sheepdog - Shetland,Oclacitinib Maleate,Ongoing,20180329,645,Seizure NOS,Animal Owner,Oral,Tablet,2018-01-31,2018-03-30
Dog,Female,10,13,Beagle,Ivermectin,Outcome Unknown,20180718,99112,"INEFFECTIVE, HOOKS",Animal Owner,Oral,"Tablet, chewable",2017-10-04,2018-06-20
Dog,Female,6,24,Crossbred Canine/dog,Lotilaner,Recovered/Normal,20181112,334,Vomiting,Other,Oral,"Tablet, chewable",2018-11-12,2018-11-12
Dog,Male,6,35,"Deutsche Dogge, Great Dane",Afoxolaner,Outcome Unknown,20180911,302,Diarrhoea,Animal Owner,Oral,"Tablet, chewable",2018-04-30,2018-08-29
Dog,Male,6,19,Retriever - Golden,Spinosad,Ongoing,20171114,334,Vomiting,Animal Owner,Oral,"Tablet, chewable",2013-01-01,2017-08-01
Dog,Female,1,34,Shepherd Dog - German,Oclacitinib Maleate,Outcome Unknown,20190507,113,Aggression,Animal Owner,Oral,Tablet,2019-04-30,2019-05-06
Dog,Male,7,18,Corgi - Welsh Cardigan,Milbemycin Oxime,Outcome Unknown,20180222,2656,Lack of efficacy (roundworm),Animal Owner,Oral,"Tablet, chewable",2016-03-30,2018-02-01
Dog,Female,10,2,Chihuahua,Imidacloprid,Outcome Unknown,20190121,1942,Elevated liver enzymes,Animal Owner,Topical,Solution,2019-01-15,2019-01-15
Dog,Male,2,37,Retriever - Golden,Milbemycin Oxime,Outcome Unknown,20190708,2430,Lack of efficacy (endoparasite) - heartworm,Animal Owner,Oral,"Tablet, chewable",2017-09-01,2019-06-01
Dog,Male,10,4,Chihuahua,Afoxolaner,Outcome Unknown,20200708,958,Itching,Animal Owner,Oral,"Tablet, chewable",2020-06-13,2020-06-13
Dog,Female,4,27,Spaniel (unspecified,Afoxolaner,Outcome Unknown,20200918,1018,Lethargy (see also Central nervous system depression in 'Neurological'),Animal Owner,Oral,"Tablet, chewable",2020-06-29,2020-06-29
Dog,Male,21,37,Hound - Basset,Ivermectin,Outcome Unknown,20210506,2430,Lack of efficacy (endoparasite) - heartworm,Animal Owner,Oral,"Tablet, chewable",2020-03-16,2021-05-01
Dog,Female,22,5,Crossbred Canine/dog,Moxidectin,Ongoing,20191030,2430,Lack of efficacy (endoparasite) - heartworm,Unknown,Subcutaneous,Suspension,2018-11-07,2019-05-07
Dog,Male,5,46,Retriever - Golden,Ivermectin,Outcome Unknown,20210113,1050,Weight gain,Animal Owner,Oral,"Tablet, chewable",2016-01-02,2021-01-02
Dog,Male,2,33,Shepherd Dog - German,Spinosad,Outcome Unknown,20190129,2430,Lack of efficacy (endoparasite) - heartworm,Animal Owner,Oral,"Tablet, chewable",2016-11-01,2018-12-01
Dog,Male,3,34,Pit Bull,Milbemycin Oxime,Ongoing,20200113,654,Ataxia,Animal Owner,Oral,"Tablet, chewable",2020-01-09,2020-01-09
Dog,Female,13,17,Bulldog,Florfenicol,Outcome Unknown,20191119,654,Ataxia,Veterinarian,Unknown,Solution,2019-11-12,2019-11-12
Dog,Female,8,43,Retriever - Labrador,Milbemycin Oxime,Outcome Unknown,20201104,1018,Lethargy (see also Central nervous system depression in 'Neurological'),Animal Owner,Oral,"Tablet, chewable",2020-06-10,2020-11-03
Dog,Female,10,17,Beagle,Milbemycin Oxime,Outcome Unknown,20181009,99115,"INEFFECTIVE, HEARTWORM LARVAE",Animal Owner,Oral,"Tablet, chewable",2017-05-02,2018-09-01
Dog,Female,5,2,Chihuahua,Spinosad,Recovered/Normal,20200210,334,Vomiting,Animal Owner,Oral,"Tablet, chewable",2018-06-01,2020-02-09
Dog,Female,17,12,Crossbred Canine/dog,Ivermectin,Outcome Unknown,20191009,99112,"INEFFECTIVE, HOOKS",Animal Owner,Oral,"Tablet, chewable",2019-10-01,2019-10-01
Dog,Female,5,13,Crossbred Canine/dog,Milbemycin Oxime,Outcome Unknown,20191203,334,Vomiting,Animal Owner,Oral,"Tablet, chewable",2019-12-02,2019-12-02
Dog,Female,17,26,Retriever - Labrador,Ivermectin,Outcome Unknown,20190320,99112,"INEFFECTIVE, HOOKS",Animal Owner,Oral,"Tablet, chewable",2018-01-22,2018-02-21
Dog,Male,9,5,Terrier - West Highland White,Ivermectin,Ongoing,20200623,2656,Lack of efficacy (endoparasite) - roundworm NOS,Animal Owner,Oral,"Tablet, chewable",2020-06-01,2020-06-01
Dog,Male,6,28,Retriever - Labrador,Milbemycin Oxime,Outcome Unknown,20190205,99112,"INEFFECTIVE, HOOKS",Animal Owner,Oral,"Tablet, chewable",2013-07-01,2019-01-04
Dog,Female,2,6,Unknown,Carprofen,Outcome Unknown,20210818,335,Emesis,Animal Owner,Oral,"Tablet, chewable",2021-08-11,2021-08-15
Dog,Male,5,20,Crossbred Canine/dog,Spinosad,Recovered/Normal,20200701,334,Vomiting,Animal Owner,Oral,"Tablet, chewable",2020-07-01,2020-07-01
Dog,Male,11,9,Doberman Pinscher,Pyrantel Pamoate;Sarolaner,Outcome Unknown,20201221,657,Stumbling gait,Animal Owner,Oral,"Tablet, chewable",2020-12-15,2020-12-15
Dog,Male,5,5,Terrier - Yorkshire,Spinosad,Recovered/Normal,20130429,334,Vomiting,Animal Owner,Oral,"Tablet, chewable",2013-03-01,2013-04-01
Dog,Male,2,72,"Deutsche Dogge, Great Dane",Ivermectin,Ongoing,20210328,1745,Muscle shaking,Animal Owner,Oral,"Tablet, chewable",2021-03-27,2021-03-27
Dog,Female,13,22,"Cattle Dog - Australian (blue heeler, red heeler, Queensland cattledog",Cyclosporine A,Outcome Unknown,20120329,1221,Other abnormal test result NOS,Animal Owner,Oral,Capsule,2011-12-08,2012-03-27
Dog,Female,1,6,Poodle,Spinosad,Recovered/Normal,20110826,125,Self trauma,Animal Owner,Oral,"Tablet, chewable",2011-08-25,2011-08-25
Dog,Female,8,4,Terrier - Jack Russell,Spinosad,Outcome Unknown,20130731,2649,Lack of efficacy (ectoparasite) - flea,Animal Owner,Oral,"Tablet, chewable",2013-07-01,2013-07-01
Dog,Male,8,29,Great Pyrenees,Pyrantel Pamoate;Sarolaner,Ongoing,20210603,2798,Lack of efficacy (endoparasite) - hookworm,Animal Owner,Oral,"Tablet, chewable",2021-04-15,2021-05-15
Dog,Male,9,6,Terrier - West Highland White,Imidacloprid,Outcome Unknown,20210104,334,Vomiting,Animal Owner,Topical,Solution,2020-12-30,2020-12-30
Dog,Male,3,31,Coonhound - Black and Tan,Melarsomine Dihydrochloride,Outcome Unknown,20200310,91,Injection site swelling,Veterinarian,Intramuscular,Suspension,2020-03-09,2020-03-09
Dog,Male,8,24,Collie - Border,Milbemycin Oxime,Ongoing,20200417,302,Diarrhoea,Animal Owner,Oral,"Tablet, chewable",2018-01-01,2020-04-16
Dog,Male,9,7,Schnauzer (unspecified,Ivermectin,Ongoing,20200618,2656,Lack of efficacy (endoparasite) - roundworm NOS,Animal Owner,Oral,"Tablet, chewable",2020-05-31,2020-05-31
Dog,Male,9,12,Retriever - Labrador,Sarolaner,Outcome Unknown,20210706,1971,Hair shedding,Animal Owner,Oral,"Tablet, chewable",2021-06-12,2021-06-12
Dog,Male,4,4,Terrier,Spinosad,Recovered/Normal,20121016,334,Vomiting,Animal Owner,Oral,"Tablet, chewable",2012-10-07,2012-10-12
Dog,Female,7,12,Mountain Cur,Moxidectin,Ongoing,20201015,2430,Lack of efficacy (endoparasite) - heartworm,Veterinarian,Subcutaneous,Suspension,2019-10-10,2019-10-10
Dog,Female,2,40,Shepherd Dog - German,Afoxolaner 136 Mg Chewable Tablets,Outcome Unknown,20170821,302,Diarrhoea,Unknown,Oral,"Tablet, chewable",2017-08-18,2017-08-18
Dog,Male,2,11,Hound,Nitenpyram,Outcome Unknown,20210905,2649,Lack of efficacy (ectoparasite) - flea,Animal Owner,Oral,Tablet,2021-08-10,2021-08-17
Dog,Male,2,32,Greyhound,Milbemycin Oxime,Outcome Unknown,20201116,302,Diarrhoea,Animal Owner,Oral,"Tablet, chewable",2020-06-16,2020-06-16
Dog,Female,4,13,Bulldog,Afoxolaner,Recovered/Normal,20210105,654,Ataxia,Animal Owner,Unknown,"Tablet, chewable",2020-12-10,2020-12-10
Dog,Male,8,5,Spitz - German Pomeranian,Spinosad,Recovered/Normal,20110810,855,Panting,Animal Owner,Oral,"Tablet, chewable",2011-08-10,2011-08-10
Dog,Male,9,29,Shepherd Dog - German,Spinosad,Recovered/Normal,20130220,313,Gastroenteritis,Animal Owner,Oral,"Tablet, chewable",2012-04-01,2012-08-01
Dog,Female,6,34,Retriever - Labrador,Spinosad,Outcome Unknown,20130325,140,Not sleeping,Animal Owner,Oral,"Tablet, chewable",2012-09-22,2013-03-21
Dog,Male,7,6,Terrier - Jack Russell,Spinosad,Outcome Unknown,20130916,2649,Lack of efficacy (ectoparasite) - flea,Animal Owner,Oral,"Tablet, chewable",2013-08-30,2013-08-30
Dog,Female,4,30,Collie (unspecified,"Ivermectin 272Mcg, Pyrantel Pamoate 228Mg, Praziquantel 228Mg",Outcome Unknown,20130724,2798,Lack of efficacy (endoparasite) - hookworm,Animal Owner,Oral,"Tablet, chewable",2013-07-05,2013-07-05
Dog,Male,7,30,American Pit Bull Terrier,"Ivermectin 272Mcg, Pyrantel Pamoate 228Mg, Praziquantel 228Mg",Outcome Unknown,20120402,837,Abnormal breathing,Other,Oral,"Tablet, chewable",2012-04-01,2012-04-01
Dog,Female,11,2,Spitz - German Pomeranian,Spinosad,Recovered/Normal,20120815,334,Vomiting,Animal Owner,Oral,"Tablet, chewable",2012-08-14,2012-08-14
Dog,Female,4,8,Dachshund,Spinosad,Recovered/Normal,20120620,334,Vomiting,Animal Owner,Oral,"Tablet, chewable",2012-01-01,2012-07-20
Dog,Unknown,17,46,Shepherd Dog - German,Spinosad,Outcome Unknown,20140701,1039,Lack of efficacy - NOS,Animal Owner,Oral,"Tablet, chewable",2013-02-09,2014-06-01
Dog,Female,1,58,Mastiff,Spinosad,Outcome Unknown,20140319,292,Drooling,Animal Owner,Oral,"Tablet, chewable",2013-09-15,2014-03-18
Dog,Female,5,19,Collie - Border,Spinosad,Outcome Unknown,20140425,304,Loose stool,Animal Owner,Oral,"Tablet, chewable",2011-10-01,2014-04-20
Dog,Female,2,5,Terrier - Yorkshire,Spinosad,Recovered/Normal,20121127,335,Emesis,Animal Owner,Oral,"Tablet, chewable",2012-06-15,2012-11-26
Dog,Female,4,4,Spaniel - Cocker American,Spinosad,Recovered/Normal,20110907,335,Emesis,Animal Owner,Oral,"Tablet, chewable",2011-09-03,2011-09-03
Dog,Female,14,20,Crossbred Canine/dog,Ivermectin/Pyrantel Pamoate Chewable 136Mcg/326Mg,Outcome Unknown,20130523,305,Digestive tract disorder NOS,Animal Owner,Oral,"Tablet, chewable",2013-03-01,2013-05-07
Dog,Male,8,20,Spaniel - Cocker American,Fluralaner Chew Tablets,Outcome Unknown,20140804,1039,Lack of efficacy - NOS,Animal Owner,Oral,"Tablet, chewable",2014-07-07,2014-07-07
Dog,Female,3,1,Chihuahua,Moxidectin,Outcome Unknown,20130219,334,Vomiting,Veterinarian,Subcutaneous,Suspension,2013-02-09,2013-02-09
Dog,Female,2,9,Beagle,Spinosad,Recovered/Normal,20120405,334,Vomiting,Animal Owner,Oral,"Tablet, chewable",2012-04-05,2012-04-05
Dog,Female,11,9,Beagle,Spinosad,Outcome Unknown,20130906,1039,Lack of efficacy - NOS,Animal Owner,Oral,"Tablet, chewable",2012-11-01,2013-08-01
Dog,Female,1,4,Dachshund,Spinosad,Recovered with Sequela,20140430,334,Vomiting,Animal Owner,Oral,"Tablet, chewable",2013-09-15,2014-04-19
Dog,Female,4,29,Crossbred Canine/dog,Spinosad,Recovered/Normal,20140407,119,Restlessness,Animal Owner,Oral,"Tablet, chewable",2014-04-05,2014-04-05
